Number of Layers,Layer Structure,Epochs,Learning Rate,Activation Function,Dropout Rate,MAPE,MAE,MSE
2,"[128, 64]",50,0.01,relu,0.3,1.546336107410286,0.8838772440182693,1.0195350945092232
2,"[128, 64]",50,0.01,relu,0.5,1.2877411218761181,0.8807579796321906,1.0126525001314035
2,"[128, 64]",50,0.01,relu,0.2,9.01113104707911,0.9034604222445912,1.0862896861686253
