Number of Layers,Layer Structure,Epochs,Learning Rate,Activation Function,L1,L2,MAPE,MAE,MSE
2,"[128, 64]",50,0.01,relu,0.01,0.01,1.0316949161980078,0.8812519542258075,1.0122841248945889
2,"[128, 64]",50,0.01,relu,0.01,0.03,1.1297341163000518,0.8810437641634487,1.0122475813224014
2,"[128, 64]",50,0.01,relu,0.01,0.05,1.2171985053469214,0.8820723493399275,1.0134604402686045
